name,confidence,xmin,ymin,xmax,ymax
person,0.5420750379562378,316.4878234863281,259.22772216796875,515.9132690429688,582.3380126953125
