name,confidence,xmin,ymin,xmax,ymax
bottle,0.33296072483062744,320.58160400390625,224.79544067382812,637.5280151367188,1200.7813720703125
