name,confidence,xmin,ymin,xmax,ymax
knife,0.41990071535110474,530.6641235351562,818.4530639648438,946.6965942382812,1087.866943359375
