name,confidence,xmin,ymin,xmax,ymax
bottle,0.3453477919101715,42.37898254394531,33.4761962890625,413.8602294921875,781.55224609375
