name,confidence,xmin,ymin,xmax,ymax
bottle,0.4423167109489441,627.0699462890625,268.4395751953125,945.952392578125,1198.739501953125
