name,confidence,xmin,ymin,xmax,ymax
bottle,0.8402897119522095,237.19680786132812,147.6005859375,374.9671325683594,557.07763671875
