name,confidence,xmin,ymin,xmax,ymax
stop sign,0.45750343799591064,260.9438171386719,167.32073974609375,301.4446105957031,228.760498046875
