name,confidence,xmin,ymin,xmax,ymax
bottle,0.3028346002101898,345.2132568359375,27.17107582092285,849.6273193359375,1115.9893798828125
