name,confidence,xmin,ymin,xmax,ymax
bottle,0.4215281009674072,565.4318237304688,156.8905029296875,929.4454956054688,1261.609130859375
