name,confidence,xmin,ymin,xmax,ymax
person,0.8619318008422852,649.88134765625,564.3292236328125,956.7569580078125,946.7940673828125
