name,confidence,xmin,ymin,xmax,ymax
cup,0.39498719573020935,214.96755981445312,618.22802734375,499.888427734375,1053.439208984375
