name,confidence,xmin,ymin,xmax,ymax
person,0.732968807220459,297.1637878417969,162.58078002929688,376.3146667480469,366.86273193359375
