name,confidence,xmin,ymin,xmax,ymax
stop sign,0.3488442599773407,170.64315795898438,138.44033813476562,876.0074462890625,1052.0
