name,confidence,xmin,ymin,xmax,ymax
person,0.9215015172958374,575.8471069335938,504.953125,964.154296875,1096.099609375
