name,confidence,xmin,ymin,xmax,ymax
sports ball,0.6255860328674316,384.4100646972656,193.62440490722656,415.8763427734375,225.86309814453125
