name,confidence,xmin,ymin,xmax,ymax
bottle,0.6911317110061646,437.2218322753906,150.15936279296875,629.9091186523438,767.852294921875
