name,confidence,xmin,ymin,xmax,ymax
cup,0.78914874792099,360.2459716796875,782.216064453125,641.8969116210938,1073.3642578125
