name,confidence,xmin,ymin,xmax,ymax
cup,0.646767795085907,71.7776107788086,245.87815856933594,149.46829223632812,308.44720458984375
