name,confidence,xmin,ymin,xmax,ymax
microwave,0.25732365250587463,322.3821105957031,95.40423583984375,696.5062255859375,242.4270477294922
