name,confidence,xmin,ymin,xmax,ymax
book,0.2574142813682556,48.60831069946289,34.47952651977539,786.6495971679688,982.7586669921875
