name,confidence,xmin,ymin,xmax,ymax
person,0.8925106525421143,432.24981689453125,421.72845458984375,764.4230346679688,903.5563354492188
