name,confidence,xmin,ymin,xmax,ymax
bottle,0.25353026390075684,200.03680419921875,168.74163818359375,291.1986999511719,370.8277587890625
