name,confidence,xmin,ymin,xmax,ymax
bowl,0.674332857131958,143.38214111328125,512.3834838867188,663.486328125,971.2205200195312
