name,confidence,xmin,ymin,xmax,ymax
vase,0.2924109697341919,168.9641571044922,53.658748626708984,333.2687072753906,490.4127197265625
