name,confidence,xmin,ymin,xmax,ymax
banana,0.2915365695953369,369.62469482421875,971.4456176757812,480.0517578125,1161.5419921875
