name,confidence,xmin,ymin,xmax,ymax
person,0.9123456478118896,342.7257385253906,316.61126708984375,558.027099609375,687.1159057617188
