name,confidence,xmin,ymin,xmax,ymax
cup,0.3147803246974945,5.207767486572266,249.31007385253906,301.1340026855469,793.9379272460938
