name,confidence,xmin,ymin,xmax,ymax
bottle,0.43445491790771484,160.30101013183594,0.0,351.00750732421875,496.1281433105469
