name,confidence,xmin,ymin,xmax,ymax
bottle,0.3880692720413208,109.29098510742188,11.318634986877441,302.6216735839844,600.0
