name,confidence,xmin,ymin,xmax,ymax
cup,0.33666402101516724,454.390380859375,753.379150390625,727.6985473632812,1064.1202392578125
