name,confidence,xmin,ymin,xmax,ymax
bowl,0.7582136988639832,140.74215698242188,185.97030639648438,275.1917724609375,299.8476867675781
