name,confidence,xmin,ymin,xmax,ymax
bowl,0.4387686550617218,481.0660095214844,1098.838623046875,766.01025390625,1212.199462890625
