name,confidence,xmin,ymin,xmax,ymax
book,0.48233264684677124,365.5000305175781,378.5483703613281,844.7156372070312,1174.0123291015625
