name,confidence,xmin,ymin,xmax,ymax
bottle,0.29258012771606445,349.46258544921875,84.01518249511719,677.1919555664062,931.6661376953125
