name,confidence,xmin,ymin,xmax,ymax
bottle,0.41045376658439636,143.24615478515625,27.12512969970703,406.199951171875,782.4179077148438
