name,confidence,xmin,ymin,xmax,ymax
person,0.5596781969070435,549.626708984375,472.27349853515625,792.126220703125,861.82568359375
