name,confidence,xmin,ymin,xmax,ymax
bottle,0.2650855481624603,133.3917999267578,241.6546630859375,556.5010986328125,1177.076904296875
