name,confidence,xmin,ymin,xmax,ymax
vase,0.4111645221710205,244.18955993652344,63.21733093261719,566.3516235351562,528.1524047851562
