name,confidence,xmin,ymin,xmax,ymax
person,0.854438304901123,386.629150390625,569.1506958007812,798.9672241210938,1072.4935302734375
